{
    "index": 3,
    "x": -57.20140014032496,
    "y": -4.638683275390562,
    "weight": 0.804252927576785,
    "color": 0,
    "in_deg": 0,
    "out_deg": 0
}