{
    "index": 0,
    "x": -22.642893261675724,
    "y": -65.82668221017167,
    "weight": 0.4697455452884225,
    "color": -1,
    "in_deg": 0,
    "out_deg": 0
}