{
    "index": 4,
    "x": 47.313031478052494,
    "y": -24.747086949480092,
    "weight": 0.13033405792497854,
    "color": -1,
    "in_deg": 0,
    "out_deg": 0
}