{
    "index": 2,
    "x": -79.06864670012936,
    "y": 78.8553935656852,
    "weight": 0.2755984006147869,
    "color": 0,
    "in_deg": 0,
    "out_deg": 0
}