{
    "index": 1,
    "x": -76.70454010079447,
    "y": -79.0747755429347,
    "weight": 0.24400003729276964,
    "color": 0,
    "in_deg": 0,
    "out_deg": 0
}